festival_day,top5_popularity,total_popularity,top5_share_pct
Friday,421,1961,21.468638449770523
Saturday,394,1894,20.802534318901795
Sunday,422,1937,21.786267423851317
Thursday,424,1939,21.86694172253739
